번호,path,전용면적,사업지구,침실,욕실,알파룸,드레스룸,팬트리,주방,발코니,거실
1,"LH평면도/부산울산본부_부산전포(06,주1)_01BL/부산울산본부_부산전포(06,주1)_01BL_(평면)전포지구-오피스25-1112.png",25.6,부산전포,0,1,0,0,0,0,1,1
2,"LH평면도/부산울산본부_부산전포(06,주1)_01BL/부산울산본부_부산전포(06,주1)_01BL_(평면)전포지구-오피스37-1112.png",37.7,부산전포,0,1,0,0,0,1,1,1
3,LH평면도/부산울산본부_부산범천2_01BL/부산울산본부_부산범천2_01BL_부산범천2 39A_평면.png,39.0,부산범천2,1,1,0,1,0,1,2,1
4,"LH평면도/부산울산본부_부산만덕5(06,주환)_02BL/부산울산본부_부산만덕5(06,주환)_02BL_39.png",39.7,부산만덕5,1,1,0,0,0,0,1,1
5,"LH평면도/부산울산본부_부산전포(06,주1)_01BL/부산울산본부_부산전포(06,주1)_01BL_(평면)전포지구-오피스45-1112.png",45.6,부산전포,1,1,0,0,0,1,1,1
6,"LH평면도/인천본부_시흥장현(06,택(GB))_A-9BL/인천본부_시흥장현(06,택(GB))_A-9BL_시흥장현 A9BL_55B평면도_시흥장현 A9BL_46A평면도.png",46.0,시흥장현,2,1,0,1,1,1,1,1
7,"LH평면도/서울본부_하남감일(10,보금1)_A-7/서울본부_하남감일(10,보금1)_A-7_46B.png",46.7,하남감일,2,1,0,1,1,1,2,1
9,LH평면도/서울본부_위례_A3-3bBL/서울본부_위례_A3-3bBL_(평면)위례신혼46B-1211.png,46.8,위례,2,1,0,1,1,1,2,1
10,LH평면도/서울본부_서울양원_S2BL/서울본부_서울양원_S2BL_평면_46A.png,46.9,서울양원,2,1,0,1,1,1,2,1
11,LH평면도/인천본부_고양지축_A-1BL/인천본부_고양지축_A-1BL_46B평면도.png,46.9,고양지축,2,1,0,1,1,1,2,1
12,LH평면도/서울본부_위례_A3-3bBL/서울본부_위례_A3-3bBL_(평면)위례신혼46A-1211.png,46.9,위례,2,1,0,1,1,1,2,1
13,"LH평면도/서울본부_하남감일(10,보금1)_A-7/서울본부_하남감일(10,보금1)_A-7_46A.png",46.9,하남감일,2,1,0,1,1,1,2,1
14,LH평면도/서울본부_서울수서KTX(행복)_A3BL/서울본부_서울수서KTX(행복)_A3BL_평면도_46A.png,47.0,서울수서KTX,2,1,0,1,0,1,1,1
15,LH평면도/인천본부_고양지축_A-1BL/인천본부_고양지축_A-1BL_46A평면도.png,47.0,고양지축,2,1,0,1,1,1,2,1
17,LH평면도/서울본부_서울수서KTX(행복)_A3BL/서울본부_서울수서KTX(행복)_A3BL_평면도_46B.png,47.0,서울수서KTX,2,1,0,1,0,1,1,1
18,"LH평면도/인천본부_시흥장현(06,택(GB))_A-7BL/인천본부_시흥장현(06,택(GB))_A-7BL_49A평면.png",49.9,시흥장현,2,1,0,1,0,1,2,1
19,"LH평면도/인천본부_시흥장현(06,택(GB))_A-7BL/인천본부_시흥장현(06,택(GB))_A-7BL_49B평면.png",50.0,시흥장현,2,1,0,1,1,1,2,1
20,LH평면도/부산울산본부_부산범천2_01BL/부산울산본부_부산범천2_01BL_부산범천2 51A_평면.png,51.0,부산범천2,2,1,0,0,0,1,1,1
21,"LH평면도/부산울산본부_부산만덕5(06,주환)_02BL/부산울산본부_부산만덕5(06,주환)_02BL_51.png",51.6,부산만덕5,1,1,0,0,0,1,1,1
22,LH평면도/서울본부_의정부민락2_A-6/서울본부_의정부민락2_A-6_3.의정부민락2A6블록_51A평면_0419.png,51.9,의정부민락2,2,1,0,0,0,1,1,1
23,LH평면도/인천본부_김포한강_Ac-1a(공임리츠)/인천본부_김포한강_Ac-1a(공임리츠)_51A_평면도.png,51.9,김포한강,2,1,0,1,0,1,1,1
24,"LH평면도/인천본부_시흥장현(06,택(GB))_A-10BL(공임리츠)/인천본부_시흥장현(06,택(GB))_A-10BL(공임리츠)_51A.png",51.9,시흥장현,3,1,0,0,0,1,2,1
25,"LH평면도/인천본부_시흥장현(06,택(GB))_A-2BL(공임리츠)/인천본부_시흥장현(06,택(GB))_A-2BL(공임리츠)_51A.png",51.9,시흥장현,3,1,0,0,0,1,2,1
26,LH평면도/서울본부_의정부고산_S-1(공임리츠)/서울본부_의정부고산_S-1(공임리츠)_고산S1BL평면도51-0614.png,52.0,의정부고산,3,1,0,1,0,1,2,1
27,LH평면도/인천본부_고양향동_S-1BL(공임리츠)/인천본부_고양향동_S-1BL(공임리츠)_평면-고양S1-51-0621.png,52.0,고양향동,3,2,0,1,0,1,3,1
28,LH평면도/서울본부_하남감일_A-5(공임리츠)/서울본부_하남감일_A-5(공임리츠)_51A평면.png,52.0,하남감일,2,1,1,1,0,1,2,1
29,LH평면도/서울본부_위례_A3-3aBL/서울본부_위례_A3-3aBL_51.png,52.0,위례,2,2,0,1,1,1,2,1
30,LH평면도/서울본부_위례_A3-3aBL/서울본부_위례_A3-3aBL_51(공공임대).png,52.0,위례,2,2,0,1,1,1,2,1
31,LH평면도/서울본부_양주회천_A17/서울본부_양주회천A17 55Aa.png,55.0,양주회천,2,2,1,1,1,1,2,1
32,LH평면도/서울본부_양주회천_A17/서울본부_양주회천A17 55Ba.png,55.0,양주회천,2,2,1,1,0,1,2,1
33,LH평면도/서울본부_의정부고산_S-3/서울본부_의정부고산_S-3_의정부고산3BL 55A1.png,55.0,의정부고산,3,1,0,1,0,1,1,1
34,LH평면도/인천본부_고양지축_A-2BL/인천본부_고양지축_A-2BL_(평면)고양지축-55A-1222.png,55.0,고양지축,2,2,1,1,0,1,1,1
35,LH평면도/인천본부_고양지축_A-2BL/인천본부_고양지축_A-2BL_(평면)고양지축-55B-1222.png,55.0,고양지축,2,2,1,1,1,1,2,1
36,"LH평면도/인천본부_시흥장현(06,택(GB))_A-9BL/인천본부_시흥장현(06,택(GB))_A-9BL_시흥장현 A9BL_55B평면도_시흥장현 A9BL_55A평면도.png",55.0,시흥장현,2,2,1,1,0,1,1,1
37,"LH평면도/인천본부_시흥장현(06,택(GB))_A-9BL/인천본부_시흥장현(06,택(GB))_A-9BL_시흥장현 A9BL_55B평면도_시흥장현 A9BL_55B평면도.png",55.0,시흥장현,2,2,1,1,0,1,1,1
38,"LH평면도/서울본부_하남감일(10,보금1)_A-7/서울본부_하남감일(10,보금1)_A-7_55A.png",55.4,하남감일,2,2,1,1,1,1,2,1
39,"LH평면도/인천본부_시흥장현(06,택(GB))_A-12BL/인천본부_시흥장현(06,택(GB))_A-12BL_평면55Ba-1128.png",55.4,시흥장현,2,2,1,1,1,1,2,1
40,"LH평면도/전북본부_완주삼봉(06,국민)_A2BL/전북본부_완주삼봉(06,국민)_A2BL_(평면)완주삼봉-55A-1120.png",55.4,완주삼봉,2,2,1,1,1,1,2,1
41,LH평면도/인천본부_파주와동_A1BL/인천본부_파주와동_A1BL평면_55CL.png,55.5,파주와동,2,2,1,1,1,1,2,1
43,"LH평면도/인천본부_시흥장현(06,택(GB))_A-12BL/인천본부_시흥장현(06,택(GB))_A-12BL_평면55Aa-1128.png",55.6,시흥장현,2,2,1,1,1,1,2,1
45,LH평면도/인천본부_파주와동_A1BL/인천본부_파주와동_A1BL평면_55C.png,55.7,파주와동,2,2,1,1,1,1,2,1
47,LH평면도/인천본부_고양지축_A-1BL/인천본부_고양지축_A-1BL_55A평면도.png,55.8,고양지축,2,2,1,1,1,1,2,1
48,LH평면도/서울본부_서울수서KTX(행복)_A3BL/서울본부_서울수서KTX(행복)_A3BL_평면도_55C.png,55.8,서울수서KTX,2,2,1,1,1,1,2,1
50,LH평면도/서울본부_서울양원_S2BL/서울본부_서울양원_S2BL_평면_55B.png,55.8,서울양원,2,2,1,1,1,1,2,1
51,LH평면도/인천본부_파주와동_A1BL/인천본부_파주와동_A1BL평면_55B.png,55.8,파주와동,2,2,1,1,1,1,2,1
52,LH평면도/인천본부_파주와동_A1BL/인천본부_파주와동_A1BL평면_55A.png,55.8,파주와동,2,2,1,1,1,1,2,1
54,LH평면도/인천본부_파주운정3_A26BL/인천본부_파주운정3_A26BL_평면_55B.png,55.9,파주운정3,2,2,1,1,1,1,2,1
55,"LH평면도/인천본부_시흥장현(06,택(GB))_A-12BL/인천본부_시흥장현(06,택(GB))_A-12BL_평면55Ca-1128.png",55.9,시흥장현,2,2,1,1,1,1,2,1
56,"LH평면도/인천본부_시흥장현(06,택(GB))_A-8BL/인천본부_시흥장현(06,택(GB))_A-8BL_평면55A-1128.png",55.9,시흥장현,2,2,1,1,1,1,2,1
57,LH평면도/서울본부_서울양원_S2BL/서울본부_서울양원_S2BL_평면_55A.png,56.0,서울양원,2,1,0,1,1,1,2,1
58,LH평면도/서울본부_위례_A3-3bBL/서울본부_위례_A3-3bBL_(평면)위례신혼55A-1214.png,56.0,위례,2,2,1,1,1,1,2,1
60,LH평면도/서울본부_서울수서KTX(행복)_A3BL/서울본부_서울수서KTX(행복)_A3BL_평면도_55A.png,56.0,서울수서KTX,2,1,0,1,0,1,1,1
61,LH평면도/서울본부_서울수서KTX(행복)_A3BL/서울본부_서울수서KTX(행복)_A3BL_평면도_55B.png,56.0,서울수서KTX,2,2,1,1,1,1,2,1
62,"LH평면도/인천본부_시흥장현(06,택(GB))_A-8BL/인천본부_시흥장현(06,택(GB))_A-8BL_평면55B-1128.png",56.0,시흥장현,2,2,1,1,1,1,2,1
63,LH평면도/인천본부_파주운정3_A26BL/인천본부_파주운정3_A26BL_평면_55A.png,56.0,파주운정3,2,2,1,1,1,1,2,1
64,LH평면도/부산울산본부_부산기장(뉴스테이)_A-2BL/부산울산본부_부산기장(뉴스테이)_A-2BL_평면_55A-1210.png,56.0,부산기장,3,2,0,1,1,1,2,1
65,LH평면도/부산울산본부_부산기장(뉴스테이)_A-2BL/부산울산본부_부산기장(뉴스테이)_A-2BL_평면_55B-1210.png,56.0,부산기장,3,2,0,1,1,1,2,1
66,LH평면도/부산울산본부_부산기장(뉴스테이)_A-2BL/부산울산본부_부산기장(뉴스테이)_A-2BL_평면_55C-1210.png,56.0,부산기장,3,2,0,1,1,1,2,1
67,LH평면도/서울본부_위례_A3-3bBL/서울본부_위례_A3-3bBL_(평면)위례신혼55B-1211.png,56.0,위례,2,2,1,1,1,1,2,1
69,LH평면도/인천본부_고양장항_A-4/인천본부_고양장항_A-4_(평면)고양장항A4-56A-1228.png,56.0,고양장항,3,2,1,0,1,1,3,1
70,LH평면도/인천본부_고양장항_A-5/인천본부_고양장항_A-5_(평면)고양장항A5-56A-1228.png,56.0,고양장항,3,2,1,0,1,1,3,1
71,"LH평면도/부산울산본부_부산전포(06,주1)_01BL/부산울산본부_부산전포(06,주1)_01BL_(평면)전포지구-오피스56-1112.png",56.4,부산전포,2,1,0,0,0,1,1,1
72,LH평면도/부산울산본부_부산범천2_01BL/부산울산본부_부산범천2_01BL_부산범천2 59A_평면.png,59.0,부산범천2,3,2,0,0,0,1,2,1
73,LH평면도/부산울산본부_부산범천2_01BL/부산울산본부_부산범천2_01BL_부산범천2 59B_평면.png,59.0,부산범천2,3,2,0,0,0,1,2,1
74,LH평면도/서울본부_양주회천_A17/서울본부_양주회천A17 59A.png,59.0,양주회천,3,2,0,1,1,1,2,1
75,LH평면도/서울본부_양주회천_A17/서울본부_양주회천A17 59Ba.png,59.0,양주회천,3,2,0,1,1,1,2,1
76,LH평면도/서울본부_양주회천_A17/서울본부_양주회천A17 59C-1.png,59.0,양주회천,2,2,0,1,1,1,2,1
77,LH평면도/서울본부_의정부고산_S-3/서울본부_의정부고산_S-3_의정부고산3BL 59A1.png,59.0,의정부고산,3,2,0,1,0,1,1,1
78,LH평면도/서울본부_의정부고산_S-3/서울본부_의정부고산_S-3_의정부고산3BL 59B2.png,59.0,의정부고산,3,2,0,1,0,1,1,1
79,LH평면도/서울본부_의정부고산_S-3/서울본부_의정부고산_S-3_의정부고산3BL 59C1.png,59.0,의정부고산,3,2,0,1,1,1,2,1
80,LH평면도/서울본부_의정부고산_S-3/서울본부_의정부고산_S-3_의정부고산3BL 59D1.png,59.0,의정부고산,3,2,0,1,1,1,2,1
81,LH평면도/인천본부_파주운정3_A17BL(신규)/인천본부_파주운정3_A17BL(신규)_파주운정3 59A.png,59.0,파주운정3,3,2,0,1,1,1,2,1
82,LH평면도/인천본부_파주운정3_A17BL(신규)/인천본부_파주운정3_A17BL(신규)_파주운정3 59B.png,59.0,파주운정3,3,2,0,1,1,1,2,1
83,"LH평면도/인천본부_시흥장현(06,택(GB))_A-3BL/인천본부_시흥장현(06,택(GB))_A-3BL_시흥장현 A3BL_59A.png",59.0,시흥장현,3,2,0,0,0,1,2,1
84,"LH평면도/인천본부_시흥장현(06,택(GB))_A-3BL/인천본부_시흥장현(06,택(GB))_A-3BL_시흥장현 A3BL_59AE.png",59.0,시흥장현,3,2,0,0,0,1,2,1
85,"LH평면도/인천본부_시흥장현(06,택(GB))_A-3BL/인천본부_시흥장현(06,택(GB))_A-3BL_시흥장현 A3BL_59B.png",59.0,시흥장현,3,2,0,0,0,1,2,1
86,"LH평면도/인천본부_시흥장현(06,택(GB))_A-3BL/인천본부_시흥장현(06,택(GB))_A-3BL_시흥장현 A3BL_59CE.png",59.0,시흥장현,3,2,0,0,0,1,2,1
87,"LH평면도/인천본부_시흥장현(06,택(GB))_A-3BL/인천본부_시흥장현(06,택(GB))_A-3BL_시흥장현 A3BL_59D.png",59.0,시흥장현,3,2,0,0,0,1,2,1
88,"LH평면도/인천본부_시흥장현(06,택(GB))_A-3BL/인천본부_시흥장현(06,택(GB))_A-3BL_시흥장현 A3BL_59E.png",59.0,시흥장현,3,2,0,0,0,1,2,1
89,"LH평면도/인천본부_시흥장현(06,택(GB))_A-3BL/인천본부_시흥장현(06,택(GB))_A-3BL_시흥장현 A3BL_59EE.png",59.0,시흥장현,3,2,0,0,0,1,2,1
90,"LH평면도/인천본부_시흥장현(06,택(GB))_A-3BL/인천본부_시흥장현(06,택(GB))_A-3BL_시흥장현 A3BL_59F.png",59.0,시흥장현,3,2,0,0,0,1,2,1
93,"LH평면도/전북본부_완주삼봉(06,국민)_A2BL/전북본부_완주삼봉(06,국민)_A2BL_(평면)완주삼봉-59B-1120.png",59.0,완주삼봉,3,2,0,1,1,1,2,1
94,"LH평면도/전북본부_완주삼봉(06,국민)_A2BL/전북본부_완주삼봉(06,국민)_A2BL_(평면)완주삼봉-59C-1120.png",59.1,완주삼봉,3,2,0,1,0,1,2,1
95,"LH평면도/전북본부_완주삼봉(06,국민)_A2BL/전북본부_완주삼봉(06,국민)_A2BL_(평면)완주삼봉-59A-1120.png",59.4,완주삼봉,3,2,0,1,1,1,2,1
96,LH평면도/인천본부_시흥목감_A-2BL(공임리츠)/인천본부_시흥목감A-2BL(공임리츠)_평면)시흥목감A-2BL-59B-0923.png,59.5,시흥목감,3,2,0,1,0,1,2,1
97,LH평면도/서울본부_의정부민락2_A-6/서울본부_의정부민락2_A-6_3.의정부민락2A6블록_59B평면_0421.png,59.5,의정부민락2,3,2,0,1,0,1,2,1
98,LH평면도/인천본부_시흥목감_A-2BL(공임리츠)/인천본부_시흥목감A-2BL(공임리츠)_평면)시흥목감A-2BL-59D-0930.png,59.5,시흥목감,3,2,0,1,0,1,2,1
99,LH평면도/인천본부_고양향동_S-1BL(공임리츠)/인천본부_고양향동_S-1BL(공임리츠)_평면-고양S1-59B-0621.png,59.6,고양향동,3,2,0,1,0,1,2,1
101,LH평면도/서울본부_위례_A3-3aBL/서울본부_위례_A3-3aBL_59C(공공임대).png,59.7,위례,3,2,0,1,1,1,2,1
102,LH평면도/인천본부_시흥은계_S-2BL(공임리츠)/인천본부_시흥은계_S-2BL(공임리츠)_59A-평면도.png,59.7,시흥은계,3,2,0,1,0,1,3,1
103,LH평면도/서울본부_위례_A3-3aBL/서울본부_위례_A3-3aBL_59A.png,59.8,위례,3,2,0,1,0,1,2,1
104,LH평면도/서울본부_위례_A3-3aBL/서울본부_위례_A3-3aBL_59A(공공임대).png,59.8,위례,3,2,0,1,0,1,2,1
106,"LH평면도/부산울산본부_부산만덕5(06,주환1)_01BL/부산울산본부_부산만덕5(06,주환1)_01BL_03.59C-평면-01.png",59.8,부산만덕5,3,2,0,1,0,1,2,1
108,"LH평면도/인천본부_인천가정(05,택1)_09BL/인천본부_인천가정(05,택1)_09BL_평면_59a2.png",59.8,인천가정,3,2,0,1,0,1,2,1
110,LH평면도/세종본부_행정중심복합도시_2-1M3/세종본부_행정중심복합도시_2-1M3_59ATOP.png,59.9,행정중심복합도시,3,2,0,0,0,1,3,1
111,LH평면도/인천본부_시흥목감_A-2BL(공임리츠)/인천본부_시흥목감A-2BL(공임리츠)_평면)시흥목감A-2BL-59A-0923.png,59.9,시흥목감,3,2,0,1,0,1,2,1
112,"LH평면도/부산울산본부_부산만덕5(06,주환)_02BL/부산울산본부_부산만덕5(06,주환)_02BL_59B.png",59.9,부산만덕5,3,2,0,0,0,1,2,1
113,LH평면도/세종본부_행정중심복합도시_2-1M3/세종본부_행정중심복합도시_2-1M3_59BTOP.png,59.9,행정중심복합도시,3,2,0,0,0,1,2,1
114,LH평면도/인천본부_김포한강_Ac-1a(공임리츠)/인천본부_김포한강_Ac-1a(공임리츠)_59A_평면도.png,59.9,김포한강,3,2,0,1,0,1,2,1
115,LH평면도/인천본부_고양향동_A-3BL/인천본부_고양향동_A-3BL_(평면)고양항동A3-59C2-1019.png,59.9,고양향동,3,2,0,1,0,1,1,1
116,LH평면도/인천본부_고양향동_S-1BL(공임리츠)/인천본부_고양향동_S-1BL(공임리츠)_평면-고양S1-59A-0623.png,59.9,고양향동,3,2,0,1,0,1,3,1
117,LH평면도/인천본부_시흥은계_S-2BL(공임리츠)/인천본부_시흥은계_S-2BL(공임리츠)_59AH-평면도.png,59.9,시흥은계,3,2,0,1,0,1,3,1
118,LH평면도/인천본부_시흥은계_S-2BL(공임리츠)/인천본부_시흥은계_S-2BL(공임리츠)_59CH-평면도.png,59.9,시흥은계,3,2,0,1,0,1,3,1
119,LH평면도/서울본부_의정부민락2_A-6/서울본부_의정부민락2_A-6_3.의정부민락2A6블록_59A평면_0419.png,59.9,의정부민락2,3,2,0,1,0,1,2,1
121,LH평면도/서울본부_의정부고산_S-1(공임리츠)/서울본부_의정부고산_S-1(공임리츠)_의정부고산S1블록59A평면도.png,59.9,의정부고산,3,2,0,1,0,1,2,1
122,LH평면도/서울본부_의정부고산_S-5(공임리츠)/서울본부_의정부고산_S-5(공임리츠)_고산S5BL-59A.png,59.9,의정부고산,3,2,0,1,0,1,2,1
123,LH평면도/서울본부_의정부고산_S-5(공임리츠)/서울본부_의정부고산_S-5(공임리츠)_고산S5BL-59C.png,59.9,의정부고산,3,2,0,1,0,1,2,1
124,LH평면도/세종본부_행정중심복합도시_2-1M3/세종본부_행정중심복합도시_2-1M3_59CTOP.png,59.9,행정중심복합도시,3,2,0,0,0,1,3,1
125,LH평면도/세종본부_행정중심복합도시_2-1M3/세종본부_행정중심복합도시_2-1M3_59C1TOP.png,59.9,행정중심복합도시,3,2,0,0,0,1,3,1
126,LH평면도/인천본부_고양향동_A-3BL/인천본부_고양향동_A-3BL_(평면)고양항동A3-59A-1019.png,59.9,고양향동,3,2,0,1,0,1,2,1
127,LH평면도/인천본부_고양향동_A-3BL/인천본부_고양향동_A-3BL_(평면)고양항동A3-59A2-1019.png,59.9,고양향동,3,2,0,1,0,1,2,1
128,LH평면도/인천본부_고양향동_A-3BL/인천본부_고양향동_A-3BL_(평면)고양항동A3-59B-1019.png,59.9,고양향동,3,2,0,1,0,1,2,1
129,LH평면도/인천본부_고양향동_A-3BL/인천본부_고양향동_A-3BL_(평면)고양항동A3-59B2-1019.png,59.9,고양향동,3,2,0,1,0,1,2,1
130,LH평면도/서울본부_위례_A3-3aBL/서울본부_위례_A3-3aBL_59B.png,60.0,위례,3,2,0,1,1,1,2,1
131,LH평면도/서울본부_위례_A3-3aBL/서울본부_위례_A3-3aBL_59B(공공임대).png,60.0,위례,3,2,0,1,1,1,2,1
132,LH평면도/서울본부_의정부고산_S-1(공임리츠)/서울본부_의정부고산_S-1(공임리츠)_고산S1BL평면도59D-0614.png,60.0,의정부고산,3,2,0,1,0,1,2,1
133,LH평면도/서울본부_하남감일_A-5(공임리츠)/서울본부_하남감일_A-5(공임리츠)_59B-1평면.png,60.0,하남감일,3,2,0,1,0,1,2,1
134,LH평면도/인천본부_고양향동_A-3BL/인천본부_고양향동_A-3BL_(평면)고양항동A3-59A3-1019.png,60.0,고양향동,3,2,0,1,0,1,2,1
135,"LH평면도/인천본부_시흥장현(06,택(GB))_A-7BL/인천본부_시흥장현(06,택(GB))_A-7BL_59A평면.png",60.0,시흥장현,3,2,0,1,1,1,2,1
136,"LH평면도/부산울산본부_부산만덕5(06,주환)_02BL/부산울산본부_부산만덕5(06,주환)_02BL_59A.png",60.0,부산만덕5,3,2,0,0,0,1,2,1
137,"LH평면도/인천본부_시흥장현(06,택(GB))_A-7BL/인천본부_시흥장현(06,택(GB))_A-7BL_59B평면.png",60.0,시흥장현,3,2,0,1,1,1,2,1
138,"LH평면도/인천본부_인천가정(05,택1)_09BL/인천본부_인천가정(05,택1)_09BL_평면_59a.png",60.0,인천가정,3,2,0,1,0,1,2,1
139,"LH평면도/전북본부_전주만성(08,도개)_A-1BL/전북본부_전주만성(08,도개)_A-1BL_59a.png",60.0,전주만성,3,2,0,1,0,1,2,1
140,"LH평면도/전북본부_전주만성(08,도개)_A-1BL/전북본부_전주만성(08,도개)_A-1BL_59a1.png",60.0,전주만성,3,2,0,1,0,1,2,1
141,"LH평면도/전북본부_전주만성(08,도개)_A-1BL/전북본부_전주만성(08,도개)_A-1BL_59a2.png",60.0,전주만성,3,2,0,1,0,1,2,1
143,LH평면도/서울본부_의정부고산_S-4(공임리츠)/서울본부_의정부고산_S-4(공임리츠)_고산S4BL-59Aa.png,60.0,의정부고산,3,2,0,1,0,1,2,1
144,LH평면도/서울본부_의정부고산_S-4(공임리츠)/서울본부_의정부고산_S-4(공임리츠)_고산S4BL-59Ab.png,60.0,의정부고산,3,2,0,1,0,1,2,1
145,LH평면도/인천본부_고양향동_A-3BL/인천본부_고양향동_A-3BL_(평면)고양항동A3-59C-1019.png,60.0,고양향동,3,2,0,1,0,1,1,1
146,LH평면도/제주본부_제주삼화_1-1BL(공임리츠)/제주본부_제주삼화_1-1BL(공임리츠)_(평면)제주삼화59A.png,60.0,제주삼화,3,2,0,1,0,1,2,1
147,"LH평면도/부산울산본부_부산만덕5(06,주환1)_01BL/부산울산본부_부산만덕5(06,주환1)_01BL_01.59A-평면-01.png",60.0,부산만덕5,3,2,0,1,0,1,2,1
148,LH평면도/서울본부_구리갈매_S1/서울본부_구리갈매_S1_평면도59A-0530.png,60.0,구리갈매,3,2,0,1,0,1,3,1
149,LH평면도/서울본부_의정부고산_S-1(공임리츠)/서울본부_의정부고산_S-1(공임리츠)_고산S1BL평면도59B-0614.png,60.0,의정부고산,3,2,0,1,0,1,2,1
150,LH평면도/서울본부_의정부고산_S-4(공임리츠)/서울본부_의정부고산_S-4(공임리츠)_고산S4BL-59Ac.png,60.0,의정부고산,3,2,0,1,0,1,2,1
151,LH평면도/서울본부_의정부고산_S-4(공임리츠)/서울본부_의정부고산_S-4(공임리츠)_고산S4BL-59B.png,60.0,의정부고산,3,2,0,1,0,1,2,1
152,LH평면도/서울본부_의정부고산_S-5(공임리츠)/서울본부_의정부고산_S-5(공임리츠)_고산S5BL-59B.png,60.0,의정부고산,3,2,0,1,0,1,2,1
153,LH평면도/서울본부_하남감일_A-5(공임리츠)/서울본부_하남감일_A-5(공임리츠)_59A-1평면.png,60.0,하남감일,3,2,0,1,0,1,2,1
154,LH평면도/인천본부_시흥은계_S-2BL(공임리츠)/인천본부_시흥은계_S-2BL(공임리츠)_59BH-평면도.png,60.0,시흥은계,3,2,0,1,0,1,2,1
157,LH평면도/제주본부_제주삼화_1-1BL(공임리츠)/제주본부_제주삼화_1-1BL(공임리츠)_(평면)제주삼화59B.png,60.0,제주삼화,3,2,0,1,0,1,2,1
158,LH평면도/부산울산본부_부산기장(뉴스테이)_A-2BL/부산울산본부_부산기장(뉴스테이)_A-2BL_평면_59A-1210.png,60.0,부산기장,3,2,0,1,1,1,2,1
159,LH평면도/부산울산본부_부산기장(뉴스테이)_A-2BL/부산울산본부_부산기장(뉴스테이)_A-2BL_평면_59B-1210.png,60.0,부산기장,3,2,0,1,1,1,2,1
160,"LH평면도/부산울산본부_부산만덕5(06,주환1)_01BL/부산울산본부_부산만덕5(06,주환1)_01BL_02.59B-평면-01.png",60.0,부산만덕5,3,2,0,1,0,1,3,1
161,LH평면도/서울본부_의정부고산_S-1(공임리츠)/서울본부_의정부고산_S-1(공임리츠)_고산S1BL평면도59C-0614.png,60.0,의정부고산,3,2,0,1,0,1,3,1
162,LH평면도/서울본부_의정부고산_S-4(공임리츠)/서울본부_의정부고산_S-4(공임리츠)_고산S4BL-59C.png,60.0,의정부고산,3,2,0,1,0,1,2,1
163,LH평면도/인천본부_시흥목감_A-2BL(공임리츠)/인천본부_시흥목감A-2BL(공임리츠)_평면)시흥목감A-2BL-59C-0930-1-222.png,60.0,시흥목감,3,2,0,1,1,1,2,1
166,LH평면도/부산울산본부_부산범천2_01BL/부산울산본부_부산범천2_01BL_부산범천2 74A_평면.png,74.0,부산범천2,3,2,0,1,1,1,2,1
167,LH평면도/서울본부_양주회천_A18/서울본부_양주회천18bl-74A.png,74.0,양주회천,3,2,1,1,0,1,2,1
169,"LH평면도/인천본부_시흥장현(06,택(GB))_A-3BL/인천본부_시흥장현(06,택(GB))_A-3BL_시흥장현 A3BL_74A.png",74.0,시흥장현,3,2,0,1,0,1,2,1
170,"LH평면도/인천본부_시흥장현(06,택(GB))_A-3BL/인천본부_시흥장현(06,택(GB))_A-3BL_시흥장현 A3BL_74B.png",74.0,시흥장현,3,2,0,1,0,1,2,1
173,LH평면도/인천본부_고양향동_S-2BL(공임리츠)/인천본부_고양향동_S-2BL(공임리츠)_평면-고양S2-74B-0623.png,74.4,고양향동,3,2,0,1,1,1,3,1
174,"LH평면도/부산울산본부_부산만덕5(06,주환1)_01BL/부산울산본부_부산만덕5(06,주환1)_01BL_10.74E-평면-01.png",74.4,부산만덕5,2,2,1,1,0,1,2,1
175,LH평면도/인천본부_고양향동_S-2BL(공임리츠)/인천본부_고양향동_S-2BL(공임리츠)_평면-고양S2-74A-0623.png,74.5,고양향동,3,2,0,0,1,1,3,1
176,LH평면도/인천본부_고양향동_S-1BL(공임리츠)/인천본부_고양향동_S-1BL(공임리츠)_평면-고양S1-74B-0621.png,74.5,고양향동,3,2,0,1,0,1,2,1
177,LH평면도/부산울산본부_부산명지_B-1/부산울산본부_부산명지_B-1_(평면)부산명지B-174A1-0514.png,74.6,부산명지,3,2,0,1,0,1,2,1
178,LH평면도/부산울산본부_부산명지_B-1/부산울산본부_부산명지_B-1_(평면)부산명지B-174A2-0516.png,74.6,부산명지,3,2,0,1,0,1,2,1
179,LH평면도/인천본부_김포한강_Ac-05BL(공임리츠)/인천본부_김포한강_Ac-05BL(공임리츠)_74B.png,74.7,김포한강,3,2,0,1,1,1,3,1
180,LH평면도/부산울산본부_부산명지_B-1/부산울산본부_부산명지_B-1_(평면)부산명지B-174B-0514.png,74.8,부산명지,3,2,1,1,0,1,2,1
183,"LH평면도/부산울산본부_부산만덕5(06,주환1)_01BL/부산울산본부_부산만덕5(06,주환1)_01BL_08.74C-평면-01.png",74.8,부산만덕5,2,2,1,1,0,1,3,1
184,LH평면도/부산울산본부_부산명지_B-8BL(공임리츠)/부산울산본부_부산명지B-8BL(공임리츠)_74B평면.png,74.8,부산명지,3,2,0,1,0,1,3,1
185,"LH평면도/부산울산본부_부산만덕5(06,주환1)_01BL/부산울산본부_부산만덕5(06,주환1)_01BL_04.74A-평면-01.png",74.8,부산만덕5,3,2,0,1,0,1,2,1
186,LH평면도/인천본부_시흥은계_S-2BL(공임리츠)/인천본부_시흥은계_S-2BL(공임리츠)_74AH-평면도.png,74.8,시흥은계,3,2,0,1,1,1,2,1
187,LH평면도/서울본부_의정부고산_S-5(공임리츠)/서울본부_의정부고산_S-5(공임리츠)_고산S5BL-74A.png,74.9,의정부고산,3,2,0,1,1,1,2,1
188,LH평면도/서울본부_의정부고산_S-5(공임리츠)/서울본부_의정부고산_S-5(공임리츠)_고산S5BL-74B.png,74.9,의정부고산,3,2,0,1,1,1,2,1
189,"LH평면도/인천본부_인천가정(05,택1)_09BL/인천본부_인천가정(05,택1)_09BL_평면_74b.png",74.9,인천가정,3,2,0,1,0,1,3,1
190,LH평면도/부산울산본부_부산명지_B-8BL(공임리츠)/부산울산본부_부산명지B-8BL(공임리츠)_74A평면.png,74.9,부산명지,3,2,0,1,1,1,3,1
191,LH평면도/인천본부_고양향동_S-1BL(공임리츠)/인천본부_고양향동_S-1BL(공임리츠)_평면-고양S1-74A-0623.png,74.9,고양향동,3,2,0,1,1,1,3,1
192,LH평면도/인천본부_시흥목감_B-3BL(공임리츠)/인천본부_시흥목감_B-3BL(공임리츠)_(평면)시흥목감B-3BL-74A-0418.png,74.9,시흥목감,3,2,0,1,1,1,2,1
193,LH평면도/인천본부_시흥목감_B-3BL(공임리츠)/인천본부_시흥목감_B-3BL(공임리츠)_(평면)시흥목감B-3BL-74B-0414.png,74.9,시흥목감,3,2,0,1,1,1,2,1
194,LH평면도/세종본부_행정중심복합도시_2-1M3/세종본부_행정중심복합도시_2-1M3_74ATOP.png,74.9,행정중심복합도시,3,2,0,1,1,1,3,1
195,LH평면도/인천본부_시흥장현_B-1BL(공임리츠)/인천본부_시흥장현_B-1BL(공임리츠)_(평면)시흥장현B-1BL-74A1.png,74.9,시흥장현,3,2,0,1,1,1,2,1
196,"LH평면도/부산울산본부_부산만덕5(06,주환)_02BL/부산울산본부_부산만덕5(06,주환)_02BL_74.png",74.9,부산만덕5,3,2,0,1,1,1,3,1
197,LH평면도/세종본부_행정중심복합도시_2-1M3/세종본부_행정중심복합도시_2-1M3_74BTOP.png,74.9,행정중심복합도시,3,2,0,1,1,1,3,1
199,"LH평면도/부산울산본부_부산만덕5(06,주환1)_01BL/부산울산본부_부산만덕5(06,주환1)_01BL_09.74D-평면-01.png",75.0,부산만덕5,2,2,1,1,0,1,4,1
200,LH평면도/서울본부_구리갈매_S1/서울본부_구리갈매_S1_평면도74A-0530.png,75.0,구리갈매,3,2,0,1,1,1,2,1
201,LH평면도/서울본부_의정부민락2_B-3(공임리츠)/서울본부_의정부민락2_B-3(공임리츠)_74B.png,75.0,의정부민락2,3,2,0,1,0,1,2,1
202,LH평면도/인천본부_김포한강_Ac-05BL(공임리츠)/인천본부_김포한강_Ac-05BL(공임리츠)_74A1.png,75.0,김포한강,3,2,0,1,0,1,2,1
203,LH평면도/인천본부_김포한강_Ac-05BL(공임리츠)/인천본부_김포한강_Ac-05BL(공임리츠)_74A2.png,75.0,김포한강,3,2,0,1,0,1,2,1
206,"LH평면도/인천본부_인천가정(05,택1)_09BL/인천본부_인천가정(05,택1)_09BL_평면_74c.png",75.0,인천가정,3,2,0,1,0,1,2,1
207,"LH평면도/부산울산본부_부산만덕5(06,주환1)_01BL/부산울산본부_부산만덕5(06,주환1)_01BL_05.74B-평면-01.png",75.0,부산만덕5,3,2,0,1,0,1,2,1
208,"LH평면도/인천본부_인천가정(05,택1)_09BL/인천본부_인천가정(05,택1)_09BL_평면_74a.png",75.0,인천가정,3,2,0,1,0,1,2,1
209,LH평면도/제주본부_제주삼화_1-1BL(공임리츠)/제주본부_제주삼화_1-1BL(공임리츠)_(평면)제주삼화74A.png,75.0,제주삼화,3,2,0,1,0,1,3,1
210,LH평면도/충북본부_충주호암_B-7BL(공임리츠)/충북본부_충주호암_B-7BL(공임리츠)74ATOP.png,75.0,충주호암,4,2,0,1,1,1,2,1
213,LH평면도/서울본부_의정부민락2_B-3(공임리츠)/서울본부_의정부민락2_B-3(공임리츠)_74A.png,75.0,의정부민락2,3,2,0,1,0,1,2,1
214,LH평면도/서울본부_의정부민락2_B-9(공임리츠)/서울본부_의정부민락2_B-9(공임리츠)_74A_평면도.png,75.0,의정부민락2,3,2,0,1,0,1,2,1
215,LH평면도/서울본부_의정부민락2_B-9(공임리츠)/서울본부_의정부민락2_B-9(공임리츠)_74B_평면도.png,75.0,의정부민락2,3,2,0,1,0,1,2,1
216,LH평면도/서울본부_양주회천_A18/서울본부_양주회천18bl-84A.png,84.0,양주회천,3,2,1,1,0,1,2,1
217,LH평면도/서울본부_양주회천_A18/서울본부_양주회천18bl-84B.png,84.0,양주회천,3,2,0,1,0,1,2,1
218,LH평면도/서울본부_양주회천_A21/서울본부_양주회천 21bl-84A.png,84.0,양주회천,3,2,1,1,0,1,2,1
219,LH평면도/서울본부_양주회천_A21/서울본부_양주회천 21bl-84B.png,84.0,양주회천,3,2,0,1,0,1,2,1
220,LH평면도/서울본부_양주회천_A21/서울본부_양주회천 21bl-84C.png,84.0,양주회천,3,3,0,1,0,1,3,1
223,LH평면도/인천본부_파주운정3_A17BL(신규)/인천본부_파주운정3_A17BL(신규)_파주운정3 84A.png,84.0,파주운정3,3,2,1,1,0,1,2,1
224,"LH평면도/인천본부_시흥장현(06,택(GB))_A-3BL/인천본부_시흥장현(06,택(GB))_A-3BL_시흥장현 A3BL_84A.png",84.0,시흥장현,3,2,0,0,0,1,2,1
225,"LH평면도/인천본부_시흥장현(06,택(GB))_A-3BL/인천본부_시흥장현(06,택(GB))_A-3BL_시흥장현 A3BL_84AE.png",84.0,시흥장현,3,2,0,0,0,1,2,1
228,LH평면도/인천본부_고양향동_S-2BL(공임리츠)/인천본부_고양향동_S-2BL(공임리츠)_평면-고양S2-84-0623.png,84.2,고양향동,3,2,1,1,0,1,3,1
229,LH평면도/서울본부_의정부고산_S-5(공임리츠)/서울본부_의정부고산_S-5(공임리츠)_고산S5BL-84A.png,84.5,의정부고산,3,2,1,1,1,1,2,1
230,LH평면도/부산울산본부_부산명지_B-1/부산울산본부_부산명지_B-1_(평면)부산명지B-184B-0516.png,84.6,부산명지,3,2,1,1,0,1,2,1
231,LH평면도/부산울산본부_부산명지_B-1/부산울산본부_부산명지_B-1_(평면)부산명지B-184A1-0520.png,84.6,부산명지,3,2,0,1,1,1,3,1
232,LH평면도/부산울산본부_부산명지_B-1/부산울산본부_부산명지_B-1_(평면)부산명지B-184A2-0520.png,84.6,부산명지,3,2,0,1,1,1,3,1
233,"LH평면도/인천본부_인천가정(05,택1)_09BL/인천본부_인천가정(05,택1)_09BL_84a_정리.png",84.7,인천가정,3,2,0,1,1,1,2,1
234,LH평면도/서울본부_의정부민락2_B-3(공임리츠)/서울본부_의정부민락2_B-3(공임리츠)_84.png,84.8,의정부민락2,4,2,0,1,1,1,2,1
235,"LH평면도/부산울산본부_부산만덕5(06,주환1)_01BL/부산울산본부_부산만덕5(06,주환1)_01BL_07.84B-평면-01.png",84.8,부산만덕5,3,2,0,1,0,1,2,1
236,LH평면도/인천본부_김포한강_Ac-05BL(공임리츠)/인천본부_김포한강_Ac-05BL(공임리츠)_84A.png,84.9,김포한강,3,2,0,1,1,1,2,1
237,LH평면도/인천본부_시흥은계_S-2BL(공임리츠)/인천본부_시흥은계_S-2BL(공임리츠)_84AH-평면도.png,84.9,시흥은계,3,2,1,1,1,1,2,1
238,LH평면도/인천본부_시흥은계_S-2BL(공임리츠)/인천본부_시흥은계_S-2BL(공임리츠)_84BH-평면도.png,84.9,시흥은계,3,2,1,1,1,1,2,1
239,LH평면도/부산울산본부_부산명지_B-8BL(공임리츠)/부산울산본부_부산명지B-8BL(공임리츠)_84A평면.png,84.9,부산명지,3,2,0,1,1,1,3,1
240,LH평면도/세종본부_행정중심복합도시_2-1M3/세종본부_행정중심복합도시_2-1M3_84ATOP.png,84.9,행정중심복합도시,3,2,0,1,1,1,3,1
241,LH평면도/인천본부_시흥목감_B-3BL(공임리츠)/인천본부_시흥목감_B-3BL(공임리츠)_(평면)시흥목감B-3BL-84A-0418.png,84.9,시흥목감,3,2,0,1,1,1,2,1
242,"LH평면도/부산울산본부_부산만덕5(06,주환)_02BL/부산울산본부_부산만덕5(06,주환)_02BL_확장84B.png",84.9,부산만덕5,3,2,0,1,1,1,2,1
243,LH평면도/인천본부_시흥목감_B-3BL(공임리츠)/인천본부_시흥목감_B-3BL(공임리츠)_(평면)시흥목감B-3BL-84A2-0418.png,84.9,시흥목감,3,2,0,1,1,1,2,1
244,LH평면도/제주본부_제주삼화_1-1BL(공임리츠)/제주본부_제주삼화_1-1BL(공임리츠)_(평면)제주삼화84A.png,84.9,제주삼화,3,2,0,1,0,1,3,1
247,"LH평면도/부산울산본부_부산만덕5(06,주환)_02BL/부산울산본부_부산만덕5(06,주환)_02BL_확장84A.png",84.9,부산만덕5,3,2,0,1,0,1,3,1
248,LH평면도/세종본부_행정중심복합도시_2-1M3/세종본부_행정중심복합도시_2-1M3_84BTOP.png,84.9,행정중심복합도시,3,3,0,1,1,1,2,1
249,"LH평면도/부산울산본부_부산만덕5(06,주환1)_01BL/부산울산본부_부산만덕5(06,주환1)_01BL_06.84A-평면-01.png",85.0,부산만덕5,3,2,0,1,0,1,2,1
250,LH평면도/서울본부_구리갈매_S1/서울본부_구리갈매_S1_평면도84A-0530.png,85.0,구리갈매,3,2,0,1,1,1,2,1
252,LH평면도/충북본부_충주호암_B-7BL(공임리츠)/충북본부_충주호암_B-7BL(공임리츠)84CTOP.png,85.0,충주호암,3,2,0,1,1,1,2,1
253,LH평면도/부산울산본부_울산송정_B-3BL(공임리츠)/부산울산본부_울산송정_B-3BL(공임리츠)_(평면)울산송정84-A-1127.png,85.0,울산송정,3,2,0,1,1,1,2,1
254,LH평면도/부산울산본부_울산송정_B-3BL(공임리츠)/부산울산본부_울산송정_B-3BL(공임리츠)_(평면)울산송정84-B-1127.png,85.0,울산송정,3,2,0,1,1,1,2,1
256,LH평면도/인천본부_시흥장현_B-1BL(공임리츠)/인천본부_시흥장현_B-1BL(공임리츠)_(평면)시흥장현B-1BL-84A1.png,85.0,시흥장현,3,2,0,1,1,1,2,1
260,LH평면도/인천본부_시흥장현_B-1BL(공임리츠)/인천본부_시흥장현_B-1BL(공임리츠)_(평면)시흥장현B-1BL-84A.png,85.0,시흥장현,3,2,0,1,1,1,2,1
261,LH평면도/인천본부_시흥장현_B-1BL(공임리츠)/인천본부_시흥장현_B-1BL(공임리츠)_(평면)시흥장현B-1BL-84B.png,85.0,시흥장현,3,2,0,1,1,1,2,1
262,LH평면도/충북본부_충주호암_B-7BL(공임리츠)/충북본부_충주호암_B-7BL(공임리츠)84ATOP.png,85.0,충주호암,3,2,1,1,1,1,2,1
263,LH평면도/충북본부_충주호암_B-7BL(공임리츠)/충북본부_충주호암_B-7BL(공임리츠)84BTOP.png,85.0,충주호암,3,3,1,1,1,1,2,1
264,"LH평면도/부산울산본부_부산만덕5(06,주환1)_01BL/부산울산본부_부산만덕5(06,주환1)_01BL_12.114B-평면-01.png",114.4,부산만덕5,2,2,1,1,1,1,4,1
265,"LH평면도/부산울산본부_부산만덕5(06,주환1)_01BL/부산울산본부_부산만덕5(06,주환1)_01BL_11.114A-평면-01.png",114.9,부산만덕5,2,2,1,1,1,1,3,1
