구,행정동명,행정동ID_8자리,위도,경도
종로구,청운효자동,11010720,37.583,126.9667
종로구,사직동,11010530,37.57399,126.9708
종로구,삼청동,11010540,37.583382,126.982471
종로구,부암동,11010550,37.59709,126.9628
종로구,평창동,11010560,37.60684,126.97035
종로구,무악동,11010570,37.577335,126.95825
종로구,교남동,11010580,37.57242,126.9639
종로구,가회동,11010600,37.580445,126.9874
종로구,종로1.2.3.4가동,11010610,37.572505,126.988001
종로구,종로5.6가동,11010630,37.57339,127.0056
종로구,이화동,11010640,37.581002,127.003717
종로구,혜화동,11010730,37.58809,126.997947
종로구,창신제1동,11010670,37.572663,127.013788
종로구,창신제2동,11010680,37.5763,127.0103
종로구,창신제3동,11010690,37.57707,127.0131
종로구,숭인제1동,11010700,37.576265,127.0177
종로구,숭인제2동,11010710,37.575825,127.0204
중구,소공동,11020520,37.56423,126.97395
중구,회현동,11020540,37.55746,126.97845
중구,명동,11020550,37.56447,126.984216
중구,필동,11020570,37.55867,126.9955
중구,장충동,11020580,37.56075,127.00415
중구,광희동,11020590,37.564555,127.006235
중구,을지로동,11020600,37.56671,126.9951
중구,신당동,11020690,37.56438,127.0133
중구,다산동,11020700,37.55375,127.00722
중구,약수동,11020710,37.55233,127.01115
중구,청구동,11020720,37.557345,127.01495
중구,신당제5동,11020650,37.5637,127.02144
중구,동화동,11020730,37.56143,127.018495
중구,황학동,11020670,37.56744,127.01967
중구,중림동,11020680,37.55815,126.96649
용산구,후암동,11030510,37.54916,126.979
용산구,용산2가동,11030520,37.5442,126.9856
용산구,남영동,11030530,37.54752,126.97365
용산구,청파동,11030710,37.5478,126.9669
용산구,원효로제1동,11030720,37.5384,126.9666
용산구,원효로제2동,11030570,37.53479,126.9543
용산구,효창동,11030580,37.54272,126.96115
용산구,용문동,11030590,37.5375,126.9587
용산구,한강로동,11030730,37.5298,126.9686
용산구,이촌제1동,11030630,37.5201,126.9751
용산구,이촌제2동,11030640,37.526,126.9551
용산구,이태원제1동,11030650,37.5338,126.9932
용산구,이태원제2동,11030660,37.539615,126.9905
용산구,한남동,11030740,37.535009,127.0036
용산구,서빙고동,11030690,37.522225,126.99385
용산구,보광동,11030700,37.52846,126.9998
성동구,왕십리제2동,11040520,37.56208,127.028961
성동구,왕십리도선동,11040710,37.565552,127.03239
성동구,마장동,11040540,37.567108,127.039291
성동구,사근동,11040550,37.560234,127.045363
성동구,행당제1동,11040560,37.559814,127.035717
성동구,행당제2동,11040570,37.557491,127.03038
성동구,응봉동,11040580,37.551914,127.031349
성동구,금호1가동,11040590,37.553497,127.02499
성동구,금호2.3가동,11040720,37.55038,127.020103
성동구,금호4가동,11040620,37.547267,127.020316
성동구,옥수동,11040730,37.543624,127.015446
성동구,성수1가제1동,11040650,37.540661,127.047726
성동구,성수1가제2동,11040660,37.547642,127.045723
성동구,성수2가제1동,11040670,37.538063,127.055496
성동구,성수2가제3동,11040680,37.544968,127.055975
성동구,송정동,11040690,37.551613,127.067398
성동구,용답동,11040700,37.562515,127.053749
광진구,화양동,11050530,37.54446,127.07027
광진구,군자동,11050540,37.55368,127.07346
광진구,중곡제1동,11050550,37.56223,127.07867
광진구,중곡제2동,11050560,37.558585,127.08493
광진구,중곡제3동,11050570,37.567779,127.08242
광진구,중곡제4동,11050580,37.56104,127.09047
광진구,능동,11050590,37.55323,127.08184
광진구,광장동,11050630,37.54795,127.101886
광진구,자양제1동,11050640,37.535255,127.080445
광진구,자양제2동,11050650,37.530875,127.084345
광진구,자양제3동,11050660,37.53434,127.07255
광진구,자양제4동,11050670,37.5366,127.06536
광진구,구의제1동,11050600,37.54154,127.0866
광진구,구의제2동,11050610,37.55145,127.094395
광진구,구의제3동,11050620,37.53805,127.09224
동대문구,신설동,11060810,37.5755,127.029
동대문구,제기동,11060820,37.584,127.037
동대문구,전농제1동,11060830,37.5788,127.052
동대문구,전농제2동,11060840,37.5793,127.062
동대문구,답십리제1동,11060910,37.5709,127.054
동대문구,답십리제2동,11060860,37.5713,127.06
동대문구,장안제1동,11060870,37.56635,127.067
동대문구,장안제2동,11060880,37.57635,127.072
동대문구,청량리동,11060800,37.58805,127.046
동대문구,회기동,11060710,37.5915,127.053
동대문구,휘경제1동,11060720,37.5921,127.061
동대문구,휘경제2동,11060730,37.5864,127.065
동대문구,이문제1동,11060890,37.5961,127.06
동대문구,이문제2동,11060900,37.6017,127.066
중랑구,면목제2동,11070520,37.58922,127.078346
중랑구,면목제4동,11070540,37.574048,127.085009
중랑구,면목제5동,11070550,37.584309,127.079984
중랑구,면목본동,11070710,37.587922,127.089416
중랑구,면목제7동,11070570,37.578661,127.087006
중랑구,면목제3.8동,11070720,37.583554,127.094651
중랑구,상봉제1동,11070590,37.600109,127.088475
중랑구,상봉제2동,11070600,37.594052,127.084976
중랑구,중화제1동,11070610,37.602464,127.082679
중랑구,중화제2동,11070620,37.598296,127.075592
중랑구,묵제1동,11070640,37.614714,127.080776
중랑구,묵제2동,11070650,37.611198,127.075306
중랑구,망우본동,11070730,37.601395,127.104654
중랑구,망우제3동,11070680,37.592113,127.099434
중랑구,신내1동,11070690,37.612145,127.099586
중랑구,신내2동,11070700,37.610841,127.091123
성북구,성북동,11080810,37.593992,126.999356
성북구,삼선동,11080820,37.58702,127.00926
성북구,동선동,11080830,37.594115,127.018321
성북구,돈암제1동,11080580,37.599058,127.024111
성북구,돈암제2동,11080590,37.597314,127.011694
성북구,안암동,11080600,37.585676,127.028559
성북구,보문동,11080610,37.58216,127.019414
성북구,정릉제1동,11080620,37.603234,127.016314
성북구,정릉제2동,11080630,37.604381,127.011424
성북구,정릉제3동,11080640,37.60992,127.003364
성북구,정릉제4동,11080650,37.616299,127.007732
성북구,길음제1동,11080660,37.608392,127.02156
성북구,길음제2동,11080680,37.60902,127.027376
성북구,종암동,11080840,37.598166,127.034927
성북구,월곡제1동,11080710,37.607724,127.035672
성북구,월곡제2동,11080720,37.604978,127.043939
성북구,장위제1동,11080760,37.615248,127.044524
성북구,장위제2동,11080770,37.612567,127.051112
성북구,장위제3동,11080780,37.618673,127.053181
성북구,석관동,11080850,37.608956,127.061661
강북구,삼양동,11090690,37.62411,127.01628
강북구,미아동,11090700,37.62771,127.02541
강북구,송중동,11090710,37.6172,127.03238
강북구,송천동,11090720,37.61837,127.0241
강북구,삼각산동,11090730,37.61835,127.01767
강북구,번1동,11090600,37.6378,127.03076
강북구,번2동,11090610,37.62966,127.03413
강북구,번3동,11090620,37.62715,127.04396
강북구,수유1동,11090630,37.63093,127.01642
강북구,수유2동,11090640,37.64611,127.02033
강북구,수유3동,11090650,37.64048,127.02415
강북구,우이동,11090740,37.65342,127.01139
강북구,인수동,11090750,37.63847,127.01324
도봉구,창제1동,11100590,37.64762,127.041
도봉구,창제2동,11100600,37.642835,127.0375
도봉구,창제3동,11100610,37.63697,127.0413
도봉구,창제4동,11100620,37.651495,127.0508
도봉구,창제5동,11100630,37.654235,127.0427
도봉구,도봉제1동,11100640,37.682045,127.0424
도봉구,도봉제2동,11100650,37.6793,127.0466
도봉구,쌍문제1동,11100510,37.652554,127.0198
도봉구,쌍문제2동,11100520,37.65693,127.0371
도봉구,쌍문제3동,11100530,37.64832,127.0309
도봉구,쌍문제4동,11100540,37.65474,127.0301
도봉구,방학제1동,11100550,37.66461,127.041
도봉구,방학제2동,11100560,37.66846,127.0342
도봉구,방학제3동,11100570,37.66127,127.0246
노원구,월계1동,11110510,37.62231,127.05837
노원구,월계2동,11110520,37.63098,127.05082
노원구,월계3동,11110530,37.62791,127.06447
노원구,공릉1동,11110790,37.623345,127.07443
노원구,공릉2동,11110560,37.6247,127.08319
노원구,하계1동,11110580,37.63745,127.07394
노원구,하계2동,11110590,37.63589,127.065225
노원구,중계본동,11110600,37.64964,127.082597
노원구,중계1동,11110610,37.64965,127.07279
노원구,중계4동,11110640,37.65865,127.076305
노원구,중계2.3동,11110780,37.64328,127.065645
노원구,상계1동,11110650,37.67565,127.055395
노원구,상계2동,11110660,37.65715,127.06802
노원구,상계3.4동,11110760,37.67032,127.0811
노원구,상계5동,11110690,37.66393,127.07058
노원구,상계6.7동,11110770,37.64969,127.059985
노원구,상계8동,11110720,37.66738,127.05224
노원구,상계9동,11110730,37.66791,127.06207
노원구,상계10동,11110740,37.66104,127.06187
은평구,녹번동,11120510,37.602855,126.929214
은평구,불광제1동,11120520,37.616373,126.931439
은평구,불광제2동,11120720,37.623424,126.926099
은평구,갈현제1동,11120550,37.623214,126.917091
은평구,갈현제2동,11120560,37.617403,126.913552
은평구,구산동,11120570,37.611647,126.908221
은평구,대조동,11120580,37.611844,126.92257
은평구,응암제1동,11120590,37.599175,126.925024
은평구,응암제2동,11120600,37.593224,126.921367
은평구,응암제3동,11120730,37.588403,126.916979
은평구,역촌동,11120740,37.604065,126.916389
은평구,신사제1동,11120650,37.598802,126.910801
은평구,신사제2동,11120660,37.59337,126.906656
은평구,증산동,11120670,37.584021,126.90633
은평구,수색동,11120680,37.585114,126.895186
은평구,진관동,11120710,37.639275,126.928412
서대문구,천연동,11130520,37.5702,126.9587
서대문구,북아현동,11130740,37.5588,126.95565
서대문구,충현동,11130730,37.5638,126.959
서대문구,신촌동,11130750,37.559,126.9401
서대문구,연희동,11130760,37.5724,126.9309
서대문구,홍제제1동,11130620,37.5853,126.9422
서대문구,홍제제3동,11130640,37.5928,126.9477
서대문구,홍제제2동,11130650,37.5865,126.94895
서대문구,홍은제1동,11130660,37.5987,126.94685
서대문구,홍은제2동,11130680,37.584,126.932
서대문구,남가좌제1동,11130690,37.571,126.9164
서대문구,남가좌제2동,11130700,37.578,126.9227
서대문구,북가좌제1동,11130710,37.5766,126.9074
서대문구,북가좌제2동,11130720,37.5814,126.9128
마포구,아현동,11140780,37.5546,126.9532
마포구,공덕동,11140770,37.550415,126.9599
마포구,도화동,11140750,37.538935,126.94875
마포구,용강동,11140590,37.54236,126.9417
마포구,대흥동,11140600,37.552855,126.9428
마포구,염리동,11140610,37.54943,126.9474
마포구,신수동,11140630,37.54571,126.9357
마포구,서강동,11140760,37.5483,126.9272
마포구,서교동,11140660,37.55452,126.9223
마포구,합정동,11140680,37.54807,126.9127
마포구,망원제1동,11140690,37.55476,126.9052
마포구,망원제2동,11140700,37.55927,126.90215
마포구,연남동,11140710,37.56293,126.9217
마포구,성산제1동,11140720,37.56185,126.9116
마포구,성산제2동,11140730,37.56814,126.9064
마포구,상암동,11140740,37.57819,126.8864
양천구,목1동,11150510,37.5253,126.87321
양천구,목2동,11150520,37.544044,126.873058
양천구,목3동,11150530,37.544132,126.865373
양천구,목4동,11150540,37.5356,126.866373
양천구,목5동,11150710,37.535309,126.879845
양천구,신월1동,11150570,37.530814,126.834791
양천구,신월2동,11150580,37.523501,126.846164
양천구,신월3동,11150590,37.53293,126.82716
양천구,신월4동,11150600,37.521595,126.839897
양천구,신월5동,11150610,37.538905,126.829643
양천구,신월6동,11150620,37.51579,126.841813
양천구,신월7동,11150630,37.521179,126.833193
양천구,신정1동,11150640,37.519937,126.858116
양천구,신정2동,11150650,37.51974,126.874812
양천구,신정3동,11150660,37.51356,126.848531
양천구,신정4동,11150720,37.525154,126.85711
양천구,신정6동,11150690,37.517408,126.868611
양천구,신정7동,11150700,37.50965,126.866966
강서구,염창동,11160510,37.552062,126.870278
강서구,등촌제1동,11160520,37.55551,126.859568
강서구,등촌제2동,11160530,37.5468,126.860916
강서구,등촌제3동,11160540,37.560326,126.84625
강서구,화곡제1동,11160730,37.534313,126.840657
강서구,화곡제2동,11160570,37.532827,126.854121
강서구,화곡제3동,11160580,37.542913,126.835148
강서구,화곡제4동,11160590,37.53501,126.859118
강서구,화곡본동,11160550,37.54201,126.847507
강서구,화곡제6동,11160610,37.551269,126.851398
강서구,화곡제8동,11160630,37.534368,126.848625
강서구,가양제1동,11160751,37.56932,126.837347
강서구,가양제2동,11160650,37.564901,126.853267
강서구,가양제3동,11160660,37.561401,126.861453
강서구,발산제1동,11160670,37.552263,126.83046
강서구,우장산동,11160740,37.550174,126.8419
강서구,공항동,11160690,37.558935,126.813692
강서구,방화제1동,11160700,37.568995,126.815374
강서구,방화제2동,11160710,37.570229,126.807823
강서구,방화제3동,11160761,37.578489,126.814476
구로구,신도림동,11170510,37.510347,126.881634
구로구,구로제1동,11170520,37.491583,126.874688
구로구,구로제2동,11170710,37.495247,126.884355
구로구,구로제3동,11170540,37.485553,126.895113
구로구,구로제4동,11170550,37.491057,126.890911
구로구,구로제5동,11170560,37.501762,126.889009
구로구,가리봉동,11170700,37.48347,126.887801
구로구,고척제1동,11170610,37.500971,126.864981
구로구,고척제2동,11170620,37.505512,126.8527
구로구,개봉제1동,11170720,37.500666,126.847392
구로구,개봉제2동,11170640,37.492737,126.855267
구로구,개봉제3동,11170650,37.487577,126.853362
구로구,오류제1동,11170670,37.496449,126.84166
구로구,오류제2동,11170730,37.488877,126.840713
구로구,수궁동,11170690,37.495615,126.826036
구로구,항동,11170740,37.479059,126.821828
금천구,가산동,11180510,37.477929,126.887493
금천구,독산제1동,11180520,37.465797,126.893868
금천구,독산제2동,11180530,37.464259,126.902236
금천구,독산제3동,11180540,37.476131,126.903151
금천구,독산제4동,11180550,37.469081,126.904379
금천구,시흥제1동,11180570,37.45485,126.902595
금천구,시흥제2동,11180580,37.450982,126.916037
금천구,시흥제3동,11180590,37.441376,126.905143
금천구,시흥제4동,11180600,37.460411,126.907659
금천구,시흥제5동,11180610,37.450839,126.908864
영등포구,영등포본동,11190730,37.513574,126.911519
영등포구,영등포동,11190740,37.520785,126.906494
영등포구,여의동,11190540,37.521925,126.930271
영등포구,당산제1동,11190550,37.523284,126.897296
영등포구,당산제2동,11190560,37.531751,126.90279
영등포구,도림동,11190750,37.509384,126.901935
영등포구,문래동,11190760,37.515403,126.892724
영등포구,양평제1동,11190610,37.524431,126.888632
영등포구,양평제2동,11190620,37.539447,126.892328
영등포구,신길제1동,11190630,37.511309,126.919272
영등포구,신길제3동,11190650,37.506719,126.906553
영등포구,신길제4동,11190660,37.506993,126.912894
영등포구,신길제5동,11190670,37.501104,126.906049
영등포구,신길제6동,11190680,37.499291,126.914236
영등포구,신길제7동,11190690,37.504541,126.920755
영등포구,대림제1동,11190700,37.493798,126.904627
영등포구,대림제2동,11190710,37.489683,126.900174
영등포구,대림제3동,11190720,37.498457,126.897356
동작구,노량진제1동,11200720,37.51089,126.947811
동작구,노량진제2동,11200520,37.509928,126.937986
동작구,상도제1동,11200530,37.498421,126.952182
동작구,상도제2동,11200540,37.504622,126.943697
동작구,상도제3동,11200550,37.497002,126.931985
동작구,상도제4동,11200560,37.498315,126.94074
동작구,흑석동,11200710,37.506527,126.961831
동작구,사당제1동,11200630,37.480142,126.979526
동작구,사당제2동,11200730,37.491887,126.981096
동작구,사당제3동,11200650,37.487123,126.97233
동작구,사당제4동,11200660,37.481126,126.971546
동작구,사당제5동,11200670,37.485301,126.96668
동작구,대방동,11200680,37.504768,126.927573
동작구,신대방제1동,11200690,37.488309,126.911227
동작구,신대방제2동,11200700,37.496695,126.925098
관악구,보라매동,11210520,37.48972,126.9331
관악구,청림동,11210540,37.48946,126.9589
관악구,성현동,11210790,37.48853,126.9517
관악구,행운동,11210570,37.48092,126.95935
관악구,낙성대동,11210580,37.47587,126.9577
관악구,청룡동,11210800,37.47953,126.9447
관악구,은천동,11210780,37.486635,126.94125
관악구,중앙동,11210610,37.48435,126.9505
관악구,인헌동,11210620,37.47281,126.9666
관악구,남현동,11210630,37.47395,126.9774
관악구,서원동,11210640,37.481475,126.9328
관악구,신원동,11210650,37.479535,126.92655
관악구,서림동,11210660,37.474,126.9391
관악구,신사동,11210680,37.48599,126.91815
관악구,신림동,11210690,37.48646,126.9272
관악구,난향동,11210710,37.463075,126.91735
관악구,조원동,11210720,37.48302,126.90795
관악구,대학동,11210730,37.46652,126.9385
관악구,삼성동,11210820,37.46627,126.9304
관악구,미성동,11210830,37.4762,126.916
관악구,난곡동,11210810,37.47009,126.9224
서초구,서초1동,11220510,37.4885,127.02
서초구,서초2동,11220520,37.489,127.028
서초구,서초3동,11220530,37.4864,127.01
서초구,서초4동,11220540,37.4991,127.021
서초구,잠원동,11220550,37.514968,127.016
서초구,반포본동,11220560,37.5017,126.987
서초구,반포1동,11220570,37.5057,127.019
서초구,반포2동,11220580,37.5042,126.995
서초구,반포3동,11220590,37.50815,127.005
서초구,반포4동,11220600,37.4979,127.001
서초구,방배본동,11220610,37.4946,126.986
서초구,방배1동,11220620,37.4856,126.995
서초구,방배2동,11220630,37.4796,126.9855
서초구,방배3동,11220640,37.4767,126.998
서초구,방배4동,11220650,37.4892,126.991
서초구,양재1동,11220660,37.47355,127.03
서초구,양재2동,11220670,37.4706,127.043
서초구,내곡동,11220680,37.4545,127.058
강남구,신사동,11230510,37.5215,127.0235
강남구,논현1동,11230520,37.5105,127.027
강남구,논현2동,11230530,37.5141,127.0365
강남구,압구정동,11230770,37.52635,127.03315
강남구,청담동,11230780,37.5227,127.0478
강남구,삼성1동,11230580,37.516,127.059159
강남구,삼성2동,11230590,37.5124,127.0491
강남구,대치1동,11230600,37.49455,127.0599
강남구,대치2동,11230790,37.50175,127.06365
강남구,대치4동,11230630,37.5008,127.0552
강남구,역삼1동,11230640,37.5015,127.0352
강남구,역삼2동,11230650,37.497935,127.0444
강남구,도곡1동,11230660,37.4883,127.0383
강남구,도곡2동,11230670,37.4857,127.04785
강남구,개포1동,11230680,37.481,127.0586
강남구,개포2동,11230800,37.4865,127.0661
강남구,개포3동,11230511,37.4939,127.0773
강남구,개포4동,11230710,37.4774,127.0505
강남구,세곡동,11230760,37.4703,127.1037
강남구,일원본동,11230720,37.4826,127.0822
강남구,일원1동,11230730,37.492,127.0845
강남구,수서동,11230750,37.48695,127.10195
송파구,풍납1동,11240510,37.536385,127.11821
송파구,풍납2동,11240520,37.53023,127.11393
송파구,거여1동,11240530,37.49594,127.14284
송파구,거여2동,11240540,37.49269,127.14744
송파구,마천1동,11240550,37.49461,127.15499
송파구,마천2동,11240560,37.49987,127.14989
송파구,방이1동,11240570,37.50997,127.1219
송파구,방이2동,11240580,37.513745,127.113365
송파구,오륜동,11240590,37.51864,127.13192
송파구,오금동,11240600,37.50336,127.13551
송파구,송파1동,11240610,37.507055,127.11036
송파구,송파2동,11240620,37.50198,127.11522
송파구,석촌동,11240630,37.5019,127.10275
송파구,삼전동,11240640,37.50242,127.09255
송파구,가락본동,11240650,37.496905,127.12214
송파구,가락1동,11240660,37.49581,127.105305
송파구,가락2동,11240670,37.49555,127.130945
송파구,문정1동,11240680,37.48819,127.12591
송파구,문정2동,11240690,37.48196,127.12071
송파구,장지동,11240810,37.48376,127.13105
송파구,위례동,11240820,37.48481,127.14192
송파구,잠실본동,11240710,37.50687,127.08333
송파구,잠실2동,11240790,37.51629,127.08287
송파구,잠실3동,11240800,37.50966,127.09799
송파구,잠실4동,11240750,37.52179,127.10872
송파구,잠실6동,11240770,37.51379,127.10282
송파구,잠실7동,11240780,37.50961,127.07412
강동구,강일동,11250750,37.57025,127.17377
강동구,상일제1동,11250760,37.55036,127.16562
강동구,상일제2동,11250770,37.55298,127.17935
강동구,명일제1동,11250530,37.55031,127.145015
강동구,명일제2동,11250540,37.54908,127.15383
강동구,고덕제1동,11250550,37.559585,127.15209
강동구,고덕제2동,11250560,37.5607,127.16268
강동구,암사제1동,11250720,37.5515,127.133885
강동구,암사제2동,11250580,37.552695,127.12617
강동구,암사제3동,11250590,37.55927,127.13513
강동구,천호제1동,11250610,37.54614,127.13845
강동구,천호제2동,11250730,37.54423,127.12686
강동구,천호제3동,11250630,37.54045,127.13357
강동구,성내제1동,11250650,37.52837,127.12594
강동구,성내제2동,11250660,37.53442,127.12668
강동구,성내제3동,11250670,37.528275,127.133795
강동구,길동,11250740,37.53886,127.14408
강동구,둔촌제1동,11250700,37.527065,127.142515
강동구,둔촌제2동,11250710,37.53127,127.14501
동대문구,용두동,11060810,37.5763,127.041
